los_lat,los_lon,los_alt,los_x,los_y,los_z,distance_m,grid_id_lat,grid_id_lon,grid_id_alt,grid_cloud,cflos_percentage
40.0,-80.5,12191.999999998425,809071.1564740292,-4834818.585148152,4085822.438737674,0.0,5500,4975,40,0.0,100.0
40.000002430236414,-80.49887078162688,12166.162869616383,809163.1479619367,-4834782.946283751,4085806.0380554413,100.00772410624941,5500,4975,40,0.0,100.0
40.000004849490544,-80.49774155405544,12140.327197869668,809255.1394498443,-4834747.30741935,4085789.637373208,200.01544821268226,5500,4975,40,0.0,100.0
40.00000725776213,-80.49661231728646,12114.49298477831,809347.1309377517,-4834711.6685549505,4085773.2366909753,300.0231723185998,5500,4975,40,0.0,100.0
40.00000965505089,-80.4954830713207,12088.66023035904,809439.1224256593,-4834676.02969055,4085756.836008742,400.03089642503267,5500,4975,40,0.0,100.0
40.000012041356555,-80.49435381615892,12062.828934630284,809531.1139135668,-4834640.390826149,4085740.435326509,500.03862053128205,5500,4975,40,0.0,100.0
40.000014416678866,-80.49322455180189,12036.999097608359,809623.1054014744,-4834604.751961748,4085724.034644276,600.0463446377149,5500,4975,39,0.0,100.0
40.00001678101756,-80.49209527825037,12011.170719311986,809715.0968893819,-4834569.113097348,4085707.633962043,700.0540687436325,5500,4975,39,0.0,100.0
40.00001913437233,-80.49096599550514,11985.34379975868,809807.0883772895,-4834533.474232947,4085691.23327981,800.0617928500653,5500,4975,39,0.0,100.0
40.00002147674294,-80.48983670356695,11959.518338965669,809899.079865197,-4834497.835368547,4085674.832597577,900.0695169563147,5500,4976,39,0.0,100.0
40.00002380812912,-80.48870740243656,11933.694336951296,809991.0713531045,-4834462.196504146,4085658.4319153437,1000.0772410627477,5500,4976,39,0.0,100.0
40.00002612853059,-80.48757809211475,11907.871793733566,810083.062841012,-4834426.557639746,4085642.031233111,1100.0849651686651,5500,4976,39,0.0,100.0
40.00002843794707,-80.48644877260229,11882.05070932809,810175.0543289195,-4834390.918775345,4085625.6305508777,1200.092689274991,5500,4976,39,0.0,100.0
40.000030736378314,-80.48531944389993,11856.231083754596,810267.0458168271,-4834355.279910944,4085609.229868645,1300.1004133813474,5500,4976,39,0.0,100.0
40.00003302382405,-80.48419010600843,11830.412917029522,810359.0373047346,-4834319.641046544,4085592.8291864116,1400.108137487673,5500,4976,39,0.0,100.0
40.00003530028398,-80.48306075892857,11804.596209171586,810451.0287926422,-4834284.002182144,4085576.4285041788,1500.1158615936977,5500,4976,39,0.0,100.0
40.00003756575788,-80.48193140266112,11778.780960196997,810543.0202805497,-4834248.363317743,4085560.0278219455,1600.1235857000236,5500,4976,39,0.0,100.0
40.00003982024543,-80.48080203720684,11752.967170125896,810635.0117684572,-4834212.724453342,4085543.6271397127,1700.1313098063802,5500,4976,39,0.0,100.0
40.00004206374641,-80.47967266256649,11727.1548389727,810727.0032563647,-4834177.085588941,4085527.2264574794,1800.1390339127058,5500,4976,38,0.0,100.0
40.00004429626052,-80.47854327874082,11701.343966757917,810818.9947442723,-4834141.4467245415,4085510.8257752466,1900.1467580187305,5500,4976,38,0.0,100.0
40.000046517787496,-80.47741388573061,11675.53455349739,810910.9862321798,-4834105.807860141,4085494.4250930133,2000.1544821250563,5500,4976,38,0.0,100.0
40.00004872832708,-80.47628448353666,11649.726599209234,811002.9777200874,-4834070.16899574,4085478.0244107805,2100.1622062314127,5500,4976,38,0.0,100.0
40.00005092787899,-80.47515507215968,11623.92010391086,811094.9692079949,-4834034.530131339,4085461.6237285472,2200.1699303377386,5500,4976,38,0.0,100.0
40.000053116442956,-80.47402565160047,11598.115067621924,811186.9606959024,-4833998.891266939,4085445.2230463144,2300.177654443656,5500,4976,38,0.0,100.0
40.00005529401871,-80.47289622185978,11572.311490356493,811278.95218381,-4833963.252402538,4085428.822364081,2400.185378550089,5500,4976,38,0.0,100.0
40.000057460605994,-80.4717667829384,11546.509372135244,811370.9436717174,-4833927.613538138,4085412.4216818484,2500.1931026563384,5500,4976,38,0.0,100.0
40.00005961620454,-80.47063733483706,11520.708712974083,811462.935159625,-4833891.974673737,4085396.020999615,2600.200826762771,5500,4976,38,0.0,100.0
40.00006176081404,-80.46950787755655,11494.909512893524,811554.9266475325,-4833856.335809337,4085379.6203173823,2700.2085508686887,5500,4977,38,0.0,100.0
40.00006389443429,-80.46837841109763,11469.111771907195,811646.9181354401,-4833820.696944936,4085363.2196351495,2800.216274975045,5500,4977,38,0.0,100.0
40.00006601706497,-80.46724893546107,11443.315490033816,811738.9096233476,-4833785.058080535,4085346.818952916,2900.223999081371,5500,4977,38,0.0,100.0
40.00006812870582,-80.46611945064762,11417.520667292702,811830.9011112552,-4833749.419216135,4085330.4182706834,3000.2317231877278,5500,4977,37,0.0,100.0
40.000070229356574,-80.46498995665807,11391.7273037019,811922.8925991626,-4833713.780351735,4085314.01758845,3100.2394472937212,5500,4977,37,0.0,100.0
40.000072319016994,-80.46386045349315,11365.935399276124,812014.8840870701,-4833678.141487334,4085297.6169062173,3200.2471713999707,5500,4977,37,0.0,100.0
40.00007439768677,-80.46273094115368,11340.144954034688,812106.8755749777,-4833642.502622933,4085281.216223984,3300.254895506404,5500,4977,37,0.0,100.0
40.000076465365645,-80.46160141964037,11314.355967995,812198.8670628852,-4833606.863758532,4085264.815541751,3400.262619612653,5500,4977,37,0.0,100.0
40.00007852205335,-80.46047188895403,11288.568441176832,812290.8585507928,-4833571.224894132,4085248.414859518,3500.270343718754,5500,4977,37,0.0,100.0
40.00008056774961,-80.45934234909541,11262.782373594255,812382.8500387003,-4833535.586029732,4085232.014177285,3600.2780678250033,5500,4977,37,0.0,100.0
40.00008260245418,-80.45821280006525,11236.9977652661,812474.8415266079,-4833499.947165331,4085215.613495052,3700.2857919314365,5500,4977,37,0.0,100.0
40.000084626166775,-80.45708324186437,11211.21461621113,812566.8330145153,-4833464.30830093,4085199.212812819,3800.293516037686,5500,4977,37,0.0,100.0
40.00008663888712,-80.4559536744935,11185.432926446932,812658.8245024229,-4833428.66943653,4085182.812130586,3900.301240143787,5500,4977,37,0.0,100.0
40.000088640614955,-80.4548240979534,11159.652695990546,812750.8159903304,-4833393.030572129,4085166.411448353,4000.3089642500363,5500,4977,37,0.0,100.0
40.00009063135,-80.45369451224485,11133.873924858362,812842.807478238,-4833357.391707729,4085150.0107661197,4100.316688356469,5500,4977,37,0.0,100.0
40.00009261109203,-80.45256491736863,11108.096613069858,812934.7989661455,-4833321.752843328,4085133.610083887,4200.324412462718,5500,4977,36,0.0,100.0
40.0000945798407,-80.45143531332549,11082.32076064281,813026.790454053,-4833286.113978928,4085117.2094016536,4300.3321365687125,5500,4977,36,0.0,100.0
40.0000965375958,-80.45030570011619,11056.546367592153,813118.7819419606,-4833250.475114527,4085100.808719421,4400.339860675069,5500,4977,36,0.0,100.0
40.00009848435704,-80.44917607774153,11030.773433939832,813210.773429868,-4833214.836250126,4085084.4080371875,4500.347584781394,5500,4978,36,0.0,100.0
40.000100420124156,-80.44804644620224,11005.00195970003,813302.7649177756,-4833179.197385726,4085068.0073549547,4600.355308887751,5500,4978,36,0.0,100.0
40.00010234489688,-80.44691680549909,10979.231944891508,813394.7564056831,-4833143.558521326,4085051.6066727214,4700.363032993745,5500,4978,36,0.0,100.0
40.000104258674945,-80.44578715563286,10953.46338953197,813486.7478935907,-4833107.919656925,4085035.2059904886,4800.370757100101,5500,4978,36,0.0,100.0
40.00010616145807,-80.44465749660432,10927.696293638637,813578.7393814982,-4833072.280792524,4085018.8053082554,4900.378481206428,5500,4978,36,0.0,100.0
40.00010805324601,-80.44352782841422,10901.930657230045,813670.7308694058,-4833036.641928123,4085002.4046260226,5000.386205312784,5500,4978,36,0.0,100.0
40.00010993403847,-80.44239815106334,10876.166480322812,813762.7223573133,-4833001.003063723,4084986.0039437893,5100.393929418778,5500,4978,36,0.0,100.0
40.000111803835196,-80.44126846455245,10850.403762935544,813854.7138452209,-4832965.364199323,4084969.6032615565,5200.401653525134,5500,4978,36,0.0,100.0
40.00011366263592,-80.44013876888229,10824.642505084077,813946.7053331283,-4832929.725334922,4084953.202579323,5300.409377631459,5500,4978,36,0.0,100.0
40.00011551044038,-80.43900906405366,10798.88270678886,814038.6968210358,-4832894.086470521,4084936.8018970904,5400.417101737709,5500,4978,35,0.0,100.0
40.00011734724828,-80.43787935006733,10773.124368064966,814130.6883089434,-4832858.447606121,4084920.401214857,5500.42482584381,5500,4978,35,0.0,100.0
40.00011917305937,-80.43674962692404,10747.367488932363,814222.6797968509,-4832822.80874172,4084904.0005326243,5600.43254995006,5500,4978,35,0.0,100.0
40.0001209878734,-80.43561989462457,10721.612069405342,814314.6712847585,-4832787.16987732,4084887.5998503915,5700.4402740564165,5500,4978,35,0.0,100.0
40.00012279169007,-80.43449015316968,10695.858109503935,814406.662772666,-4832751.531012919,4084871.199168158,5800.447998162742,5500,4978,35,0.0,100.0
40.000124584509116,-80.43336040256015,10670.105609246975,814498.6542605736,-4832715.892148519,4084854.7984859254,5900.455722268766,5500,4978,35,0.0,100.0
40.0001263663303,-80.43223064279674,10644.354568648989,814590.645748481,-4832680.253284118,4084838.397803692,6000.463446375093,5500,4978,35,0.0,100.0
40.000128137153304,-80.43110087388021,10618.604987730076,814682.6372363886,-4832644.614419717,4084821.9971214593,6100.471170481449,5500,4978,35,0.0,100.0
40.000129896977896,-80.42997109581133,10592.856866505774,814774.6287242961,-4832608.975555317,4084805.596439226,6200.478894587774,5500,4979,35,0.0,100.0
40.000131645803805,-80.42884130859088,10567.110204996414,814866.6202122037,-4832573.336690917,4084789.1957569933,6300.486618693799,5500,4979,35,0.0,100.0
40.00013338363075,-80.42771151221963,10541.36500321558,814958.6117001112,-4832537.697826516,4084772.79507476,6400.494342800125,5500,4979,35,0.0,100.0
40.00013511045848,-80.42658170669833,10515.621261184957,815050.6031880187,-4832502.058962115,4084756.394392527,6500.502066906375,5500,4979,35,0.0,100.0
40.00013682628671,-80.42545189202774,10489.878978919925,815142.5946759263,-4832466.420097714,4084739.993710294,6600.509791012808,5500,4979,34,0.0,100.0
40.00013853111518,-80.42432206820867,10464.138156439616,815234.5861638337,-4832430.781233314,4084723.593028061,6700.517515118725,5500,4979,34,0.0,100.0
40.00014022494361,-80.42319223524184,10438.398793760354,815326.5776517413,-4832395.142368914,4084707.192345828,6800.525239225157,5500,4979,34,0.0,100.0
40.00014190777175,-80.42206239312803,10412.660890899475,815418.5691396488,-4832359.503504513,4084690.791663595,6900.532963331407,5500,4979,34,0.0,100.0
40.000143579599325,-80.42093254186803,10386.92444787588,815510.5606275564,-4832323.864640112,4084674.3909813617,7000.5406874378405,5500,4979,34,0.0,100.0
40.00014524042606,-80.41980268146258,10361.189464706604,815602.5521154639,-4832288.225775712,4084657.990299129,7100.5484115437575,5500,4979,34,0.0,100.0
40.00014689025168,-80.41867281191247,10335.455941409882,815694.5436033715,-4832252.586911311,4084641.5896168957,7200.55613565019,5500,4979,34,0.0,100.0
40.00014852907595,-80.41754293321846,10309.723878001923,815786.535091279,-4832216.948046911,4084625.188934663,7300.563859756439,5500,4979,34,0.0,100.0
40.00015015689857,-80.4164130453813,10283.993274499719,815878.5265791864,-4832181.30918251,4084608.7882524296,7400.571583862766,5500,4979,34,0.0,100.0
40.000151773719274,-80.41528314840178,10258.26413092394,815970.518067094,-4832145.670318109,4084592.3875701968,7500.579307969123,5500,4979,34,0.0,100.0
40.00015337953782,-80.41415324228066,10232.536447291028,816062.5095550015,-4832110.031453709,4084575.9868879635,7600.5870320751155,5500,4979,34,0.0,100.0
40.00015497435391,-80.41302332701872,10206.810223616429,816154.5010429091,-4832074.392589308,4084559.5862057307,7700.594756181473,5500,4979,33,0.0,100.0
40.00015655816728,-80.41189340261671,10181.085459920634,816246.4925308166,-4832038.7537249075,4084543.1855234974,7800.602480287798,5500,4979,33,0.0,100.0
40.00015813097769,-80.4107634690754,10155.362156219735,816338.4840187242,-4832003.114860507,4084526.7848412646,7900.610204394155,5500,4979,33,0.0,100.0
40.00015969278484,-80.40963352639558,10129.640312532681,816430.4755066317,-4831967.475996107,4084510.3841590313,8000.617928500149,5500,4980,33,0.0,100.0
40.00016124358847,-80.40850357457799,10103.919928874737,816522.4669945393,-4831931.837131706,4084493.9834767985,8100.625652606505,5500,4980,33,0.0,100.0
40.00016278338834,-80.4073736136234,10078.201005264893,816614.4584824467,-4831896.198267305,4084477.5827945652,8200.63337671283,5500,4980,33,0.0,100.0
40.00016431218415,-80.4062436435326,10052.483541721042,816706.4499703543,-4831860.5594029045,4084461.1821123324,8300.641100819188,5500,4980,33,0.0,100.0
40.00016582997562,-80.40511366430634,10026.767538260814,816798.4414582618,-4831824.920538505,4084444.7814300996,8400.648824925105,5500,4980,33,0.0,100.0
40.000167336762516,-80.4039836759454,10001.052994901022,816890.4329461693,-4831789.281674104,4084428.3807478664,8500.65654903143,5500,4980,33,0.0,100.0
40.000168832544574,-80.40285367845054,9975.339911658997,816982.4244340769,-4831753.642809703,4084411.9800656335,8600.664273137787,5500,4980,33,0.0,100.0
40.00017031732146,-80.40172367182252,9949.62828855424,817074.4159219844,-4831718.003945302,4084395.5793834003,8700.671997244113,5500,4980,33,0.0,100.0
40.000171791093,-80.40059365606213,9923.91812560425,817166.407409892,-4831682.365080902,4084379.1787011675,8800.679721350138,5500,4980,33,0.0,100.0
40.00017325385886,-80.39946363117012,9898.209422823049,817258.3988977994,-4831646.726216502,4084362.778018934,8900.687445456464,5500,4980,32,0.0,100.0
40.00017470561881,-80.39833359714729,9872.502180232435,817350.390385707,-4831611.087352101,4084346.3773367014,9000.69516956282,5500,4980,32,0.0,100.0
40.00017614637256,-80.39720355399436,9846.796397846778,817442.3818736145,-4831575.4484877,4084329.976654468,9100.702893669146,5500,4980,32,0.0,100.0
40.00017757611984,-80.39607350171211,9821.092075687762,817534.3733615221,-4831539.8096233,4084313.5759722353,9200.71061777517,5500,4980,32,0.0,100.0
40.0001789948604,-80.39494344030135,9795.389213767732,817626.3648494296,-4831504.170758899,4084297.175290002,9300.718341881495,5500,4980,32,0.0,100.0
40.00018040259396,-80.3938133697628,9769.687812108372,817718.3563373372,-4831468.5318944985,4084280.774607769,9400.726065987852,5500,4980,32,0.0,100.0
40.00018179932025,-80.39268329009725,9743.98787072529,817810.3478252447,-4831432.893030098,4084264.373925536,9500.733790094178,5500,4980,32,0.0,100.0
40.00018318503902,-80.39155320130548,9718.289389637921,817902.3393131521,-4831397.254165698,4084247.973243303,9600.741514200095,5500,4980,32,0.0,100.0
40.00018455974999,-80.39042310338824,9692.592368862171,817994.3308010597,-4831361.615301297,4084231.57256107,9700.74923830653,5500,4980,32,0.0,100.0
40.00018592345286,-80.38929299634631,9666.896808416344,818086.3222889672,-4831325.976436896,4084215.171878837,9800.75696241278,5500,4981,32,0.0,100.0
40.00018727614742,-80.38816288018045,9641.202708316396,818178.3137768748,-4831290.337572495,4084198.771196604,9900.764686519211,5500,4981,32,0.0,100.0
40.00018861783339,-80.38703275489144,9615.510068583666,818270.3052647823,-4831254.698708096,4084182.370514371,10000.772410625128,5500,4981,32,0.0,100.0
40.00018994851047,-80.38590262048001,9589.818889231925,818362.2967526899,-4831219.059843695,4084165.9698321377,10100.78013473156,5500,4981,31,0.0,100.0
40.00019126817841,-80.38477247694699,9564.129170280119,818454.2882405974,-4831183.420979294,4084149.569149905,10200.787858837812,5500,4981,31,0.0,100.0
40.00019257683696,-80.3836423242931,9538.440911746182,818546.279728505,-4831147.782114893,4084133.1684676716,10300.795582944244,5500,4981,31,0.0,100.0
40.000193874485824,-80.38251216251915,9512.754113648945,818638.2712164124,-4831112.143250493,4084116.767785439,10400.80330705016,5500,4981,31,0.0,100.0
40.000195161124765,-80.38138199162587,9487.068776002296,818730.26270432,-4831076.504386093,4084100.3671032055,10500.811031156594,5500,4981,31,0.0,100.0
40.000196436753484,-80.38025181161406,9461.384898827804,818822.2541922275,-4831040.865521692,4084083.9664209727,10600.818755262842,5500,4981,31,0.0,100.0
40.000197701371725,-80.37912162248446,9435.702482140849,818914.245680135,-4831005.226657291,4084067.5657387394,10700.826479369169,5500,4981,31,0.0,100.0
40.00019895497923,-80.37799142423786,9410.021525960192,819006.2371680426,-4830969.587792891,4084051.1650565066,10800.834203475193,5500,4981,31,0.0,100.0
40.00020019757572,-80.37686121687503,9384.342030302229,819098.22865595,-4830933.94892849,4084034.7643742734,10900.84192758152,5500,4981,31,0.0,100.0
40.000201429160946,-80.37573100039673,9358.663995184777,819190.2201438576,-4830898.3100640895,4084018.3636920406,11000.849651687877,5500,4981,31,0.0,100.0
40.000202649734625,-80.37460077480374,9332.987420625888,819282.2116317651,-4830862.671199689,4084001.9630098077,11100.857375794125,5500,4981,31,0.0,100.0
40.000203859296484,-80.3734705400968,9307.312306644806,819374.2031196727,-4830827.032335289,4083985.5623275745,11200.865099900228,5500,4981,31,0.0,100.0
40.00020505784627,-80.37234029627673,9281.638653255486,819466.1946075802,-4830791.393470888,4083969.1616453417,11300.872824006476,5500,4981,30,0.0,100.0
40.0002062453837,-80.37121004334425,9255.966460477173,819558.1860954878,-4830755.754606487,4083952.7609631084,11400.88054811291,5500,4981,30,0.0,100.0
40.00020742190855,-80.37007978130015,9230.295728328447,819650.1775833953,-4830720.115742086,4083936.3602808756,11500.888272219157,5500,4981,30,0.0,100.0
40.000208587420474,-80.36894951014521,9204.626456826252,819742.1690713027,-4830684.476877687,4083919.9595986423,11600.895996325153,5500,4982,30,0.0,100.0
40.00020974191926,-80.36781922988018,9178.958645987857,819834.1605592103,-4830648.838013286,4083903.5589164095,11700.903720431508,5500,4982,30,0.0,100.0
40.00021088540465,-80.36668894050584,9153.29229583048,819926.1520471178,-4830613.199148885,4083887.158234176,11800.911444537835,5500,4982,30,0.0,100.0
40.00021201787635,-80.36555864202296,9127.62740637183,820018.1435350254,-4830577.560284484,4083870.7575519434,11900.919168644192,5500,4982,30,0.0,100.0
40.0002131393341,-80.36442833443232,9101.963977630967,820110.1350229329,-4830541.921420084,4083854.35686971,12000.926892750185,5500,4982,30,0.0,100.0
40.000214249777635,-80.36329801773466,9076.302009624995,820202.1265108405,-4830506.2825556835,4083837.9561874773,12100.93461685654,5500,4982,30,0.0,100.0
40.000215349206684,-80.36216769193078,9050.641502368582,820294.117998748,-4830470.643691283,4083821.555505244,12200.942340962867,5500,4982,30,0.0,100.0
40.00021643762099,-80.36103735702143,9024.982455883348,820386.1094866556,-4830435.004826882,4083805.1548230113,12300.950065069224,5500,4982,30,0.0,100.0
40.00021751502026,-80.35990701300739,8999.324870186165,820478.100974563,-4830399.365962482,4083788.754140778,12400.957789175216,5500,4982,30,0.0,100.0
40.00021858140427,-80.35877665988941,8973.668745292161,820570.0924624706,-4830363.727098081,4083772.353458545,12500.965513281575,5500,4982,29,0.0,100.0
40.0002196367727,-80.3576462976683,8948.014081219822,820662.0839503781,-4830328.08823368,4083755.952776312,12600.9732373879,5500,4982,29,0.0,100.0
40.000220681125334,-80.3565159263448,8922.360877987845,820754.0754382856,-4830292.44936928,4083739.552094079,12700.98096149415,5500,4982,29,0.0,100.0
40.00022171446189,-80.35538554591969,8896.709135614232,820846.0669261932,-4830256.81050488,4083723.151411846,12800.98868560025,5500,4982,29,0.0,100.0
40.00022273678208,-80.35425515639372,8871.058854114064,820938.0584141007,-4830221.171640479,4083706.750729613,12900.996409706499,5500,4982,29,0.0,100.0
40.000223748085645,-80.35312475776769,8845.410033507002,821030.0499020083,-4830185.532776078,4083690.3500473797,13001.004133812932,5500,4982,29,0.0,100.0
40.00022474837234,-80.35199435004236,8819.762673810266,821122.0413899157,-4830149.893911677,4083673.949365147,13101.011857919182,5500,4982,29,0.0,100.0
40.00022573764186,-80.35086393321849,8794.116775041262,821214.0328778233,-4830114.255047278,4083657.5486829136,13201.019582025283,5500,4982,29,0.0,100.0
40.00022671589398,-80.34973350729686,8768.472337216428,821306.0243657308,-4830078.616182877,4083641.148000681,13301.027306131533,5500,4983,29,0.0,100.0
40.0002276831284,-80.34860307227825,8742.829360355197,821398.0158536384,-4830042.977318476,4083624.7473184476,13401.035030237965,5500,4983,29,0.0,100.0
40.00022863934489,-80.3474726281634,8717.187844474074,821490.0073415459,-4830007.338454075,4083608.3466362148,13501.042754344215,5500,4983,29,0.0,100.0
40.00022958454312,-80.34634217495311,8691.547789592307,821581.9988294535,-4829971.699589675,4083591.9459539815,13601.050478450314,5500,4983,29,0.0,100.0
40.000230518722894,-80.34521171264812,8665.909195724791,821673.990317361,-4829936.0607252745,4083575.5452717487,13701.058202556564,5500,4983,28,0.0,100.0
40.00023144188391,-80.34408124124924,8640.27206289066,821765.9818052684,-4829900.421860874,4083559.1445895154,13801.065926662892,5500,4983,28,0.0,100.0
40.000232354025904,-80.3429507607572,8614.636391106536,821857.973293176,-4829864.782996473,4083542.7439072826,13901.073650769247,5500,4983,28,0.0,100.0
40.00023325514861,-80.34182027117281,8589.002180391664,821949.9647810835,-4829829.144132073,4083526.34322505,14001.081374875164,5500,4983,28,0.0,100.0
40.00023414525177,-80.3406897724968,8563.36943076244,822041.9562689911,-4829793.505267672,4083509.9425428165,14101.089098981598,5500,4983,28,0.0,100.0
40.0002350243351,-80.33955926472997,8537.73814223608,822133.9477568986,-4829757.866403271,4083493.5418605837,14201.096823087848,5500,4983,28,0.0,100.0
40.000235892398344,-80.3384287478731,8512.10831483004,822225.9392448062,-4829722.227538871,4083477.1411783504,14301.10454719428,5500,4983,28,0.0,100.0
40.00023674944123,-80.33729822192693,8486.47994856453,822317.9307327137,-4829686.588674471,4083460.7404961176,14401.112271300197,5500,4983,28,0.0,100.0
40.00023759546351,-80.33616768689222,8460.85304345408,822409.9222206213,-4829650.94981007,4083444.3398138843,14501.119995406629,5500,4983,28,0.0,100.0
40.0002384304649,-80.33503714276979,8435.227599516993,822501.9137085287,-4829615.310945669,4083427.9391316515,14601.127719512879,5500,4983,28,0.0,100.0
40.00023925444513,-80.33390658956037,8409.603616770306,822593.9051964363,-4829579.672081268,4083411.5384494183,14701.135443619312,5500,4983,28,0.0,100.0
40.00024006740394,-80.33277602726476,8383.981095233748,822685.8966843438,-4829544.033216868,4083395.1377671855,14801.14316772556,5500,4983,28,0.0,100.0
40.00024086934107,-80.3316454558837,8358.360034923346,822777.8881722513,-4829508.394352468,4083378.737084952,14901.150891831556,5500,4983,27,0.0,100.0
40.00024166025624,-80.33051487541798,8332.74043585549,822869.8796601589,-4829472.755488067,4083362.3364027194,15001.158615937913,5500,4983,27,0.0,100.0
40.000242440149194,-80.32938428586839,8307.122298050139,822961.8711480664,-4829437.116623666,4083345.935720486,15101.166340044238,5500,4984,27,0.0,100.0
40.00024320901966,-80.32825368723564,8281.505621524218,823053.862635974,-4829401.477759265,4083329.5350382533,15201.174064150595,5500,4984,27,0.0,100.0
40.00024396686737,-80.32712307952058,8255.890406294833,823145.8541238814,-4829365.8388948655,4083313.13435602,15301.181788256588,5500,4984,27,0.0,100.0
40.000244713692084,-80.3259924627239,8230.276652379433,823237.845611789,-4829330.200030465,4083296.733673787,15401.189512362946,5500,4984,27,0.0,100.0
40.00024544949349,-80.32486183684644,8204.664359794897,823329.8370996965,-4829294.561166064,4083280.332991554,15501.19723646927,5500,4984,27,0.0,100.0
40.00024617427137,-80.32373120188893,8179.053528559984,823421.8285876041,-4829258.922301663,4083263.932309321,15601.204960575627,5500,4984,27,0.0,100.0
40.0002468880254,-80.32260055785217,8153.444158692402,823513.8200755116,-4829223.283437263,4083247.531627088,15701.21268468162,5500,4984,27,0.0,100.0
40.00024759075537,-80.3214699047369,8127.836250209188,823605.8115634192,-4829187.644572862,4083231.130944855,15801.220408787978,5500,4984,27,0.0,100.0
40.00024828246098,-80.32033924254392,8102.229803127262,823697.8030513267,-4829152.005708462,4083214.730262622,15901.228132894303,5500,4984,27,0.0,100.0
40.000248963141985,-80.31920857127398,8076.624817465457,823789.7945392341,-4829116.366844061,4083198.329580389,16001.235857000553,5500,4984,26,0.0,100.0
40.000249632798095,-80.31807789092787,8051.0212932397535,823881.7860271417,-4829080.727979661,4083181.9288981557,16101.243581106653,5500,4984,26,0.0,100.0
40.000250291429055,-80.31694720150634,8025.419230469925,823973.7775150492,-4829045.08911526,4083165.528215923,16201.251305212902,5500,4984,26,0.0,100.0
40.00025093903463,-80.31581650301017,7999.818629170385,824065.7690029568,-4829009.450250859,4083149.1275336896,16301.259029319337,5500,4984,26,0.0,100.0
40.000251575614485,-80.31468579544014,7974.219489362131,824157.7604908643,-4828973.811386459,4083132.726851457,16401.266753425585,5500,4984,26,0.0,100.0
40.00025220116841,-80.31355507879701,7948.621811060104,824249.7519787719,-4828938.172522059,4083116.3261692235,16501.274477531686,5500,4984,26,0.0,100.0
40.00025281569612,-80.31242435308155,7923.025594283136,824341.7434666794,-4828902.533657658,4083099.9254869907,16601.282201637936,5500,4984,26,0.0,100.0
40.00025341919735,-80.31129361829456,7897.4308390487495,824433.734954587,-4828866.894793257,4083083.524804758,16701.28992574429,5500,4984,26,0.0,100.0
40.00025401167184,-80.31016287443677,7871.837545374164,824525.7264424944,-4828831.255928856,4083067.1241225246,16801.297649850618,5500,4984,26,0.0,100.0
40.000254593119315,-80.30903212150898,7846.245713278212,824617.7179304019,-4828795.617064456,4083050.723440292,16901.305373956537,5500,4985,26,0.0,100.0
40.00025516353951,-80.30790135951194,7820.655342775492,824709.7094183095,-4828759.978200056,4083034.3227580586,17001.31309806297,5500,4985,26,0.0,100.0
40.000255722932174,-80.30677058844647,7795.066433884835,824801.700906217,-4828724.339335655,4083017.9220758257,17101.32082216922,5500,4985,26,0.0,100.0
40.00025627129701,-80.30563980831326,7769.478986625787,824893.6923941246,-4828688.700471254,4083001.5213935925,17201.32854627565,5500,4985,25,0.0,100.0
40.000256808633786,-80.30450901911315,7743.8930010142585,824985.683882032,-4828653.061606854,4082985.1207113597,17301.33627038157,5500,4985,25,0.0,100.0
40.000257334942205,-80.30337822084691,7718.30847706717,825077.6753699397,-4828617.422742453,4082968.7200291264,17401.343994488,5500,4985,25,0.0,100.0
40.00025785022204,-80.30224741351527,7692.725414803355,825169.6668578471,-4828581.783878053,4082952.3193468936,17501.35171859425,5500,4985,25,0.0,100.0
40.00025835447298,-80.30111659711903,7667.143814238009,825261.6583457547,-4828546.145013652,4082935.9186646603,17601.359442700683,5500,4985,25,0.0,100.0
40.00025884769479,-80.29998577165895,7641.563675394015,825353.6498336622,-4828510.506149252,4082919.5179824275,17701.3671668066,5500,4985,25,0.0,100.0
40.000259329887186,-80.29885493713583,7615.984998282634,825445.6413215698,-4828474.867284851,4082903.117300194,17801.374890913034,5500,4985,25,0.0,100.0
40.00025980104992,-80.2977240935504,7590.407782924308,825537.6328094773,-4828439.22842045,4082886.7166179614,17901.382615019284,5500,4985,25,0.0,100.0
40.00026026118273,-80.29659324090345,7564.832029335889,825629.6242973848,-4828403.58955605,4082870.315935728,18001.39033912561,5500,4985,25,0.0,100.0
40.00026071028531,-80.29546237919575,7539.257737537364,825721.6157852923,-4828367.95069165,4082853.9152534953,18101.398063231634,5500,4985,25,0.0,100.0
40.00026114835744,-80.2943315084281,7513.684907543902,825813.6072731998,-4828332.311827249,4082837.514571262,18201.40578733796,5500,4985,25,0.0,100.0
40.00026157539884,-80.29320062860124,7488.1135393720815,825905.5987611074,-4828296.672962848,4082821.1138890292,18301.413511444316,5500,4985,25,0.0,100.0
40.00026199140922,-80.29206973971594,7462.543633041633,825997.5902490149,-4828261.034098447,4082804.713206796,18401.421235550642,5500,4985,24,0.0,100.0
40.000262396388344,-80.290938841773,7436.975188570007,826089.5817369225,-4828225.395234047,4082788.312524563,18501.428959656667,5500,4985,24,0.0,100.0
40.00026279033595,-80.28980793477315,7411.4082059721,826181.57322483,-4828189.756369647,4082771.91184233,18601.43668376299,5500,4986,24,0.0,100.0
40.00026317325175,-80.28867701871721,7385.842685269369,826273.5647127376,-4828154.117505246,4082755.511160097,18701.44440786935,5500,4986,24,0.0,100.0
40.00026354513548,-80.28754609360594,7360.278626476296,826365.556200645,-4828118.478640845,4082739.110477864,18801.452131975675,5500,4986,24,0.0,100.0
40.000263905986884,-80.2864151594401,7334.716029612127,826457.5476885526,-4828082.839776445,4082722.709795631,18901.4598560817,5500,4986,24,0.0,100.0
40.0002642558057,-80.28528421622043,7309.154894693186,826549.5391764601,-4828047.200912044,4082706.3091133977,19001.467580188026,5500,4986,24,0.0,100.0
40.000264594591656,-80.28415326394777,7283.595221737293,826641.5306643676,-4828011.562047644,4082689.908431165,19101.475304294276,5500,4986,24,0.0,100.0
40.000264922344485,-80.28302230262285,7258.037010761669,826733.5221522752,-4827975.923183243,4082673.5077489316,19201.483028400708,5500,4986,24,0.0,100.0
40.000265239063935,-80.28189133224647,7232.4802617865735,826825.5136401827,-4827940.284318843,4082657.107066699,19301.490752506626,5500,4986,24,0.0,100.0
40.00026554474972,-80.28076035281937,7206.924974826189,826917.5051280903,-4827904.645454442,4082640.706384466,19401.498476612982,5500,4986,24,0.0,100.0
40.000265839401585,-80.27962936434236,7181.371149898336,827009.4966159977,-4827869.006590041,4082624.3057022328,19501.50620071931,5500,4986,24,0.0,100.0
40.000266123019266,-80.27849836681617,7155.818787022675,827101.4881039053,-4827833.367725641,4082607.90502,19601.513924825664,5500,4986,23,4.0,0.0
40.00026639560247,-80.2773673602416,7130.2678862154835,827193.4795918128,-4827797.728861241,4082591.5043377667,19701.521648931655,5500,4986,23,4.0,0.0
40.00026665715099,-80.2762363446194,7104.71844749373,827285.4710797204,-4827762.08999684,4082575.103655534,19801.529373038014,5500,4986,23,4.0,0.0
40.00026690766452,-80.2751053199504,7079.170470875118,827377.4625676279,-4827726.451132439,4082558.7029733006,19901.53709714434,5500,4986,23,4.0,0.0
40.00026714714279,-80.2739742862353,7053.6239563776535,827469.4540555354,-4827690.812268038,4082542.302291068,20001.54482125059,5500,4986,23,4.0,0.0
40.00026737558555,-80.27284324347492,7028.078904021225,827561.445543443,-4827655.173403638,4082525.9016088345,20101.552545356688,5500,4986,23,4.0,0.0
40.00026759299253,-80.27171219167002,7002.535313818061,827653.4370313504,-4827619.534539238,4082509.5009266017,20201.560269462938,5500,4986,23,4.0,0.0
40.00026779936347,-80.27058113082137,6976.993185789364,827745.428519258,-4827583.895674837,4082493.1002443684,20301.567993569373,5500,4986,23,4.0,0.0
40.0002679946981,-80.26945006092974,6951.4525199515265,827837.4200071655,-4827548.256810436,4082476.6995621356,20401.575717675623,5500,4987,23,4.0,0.0
40.00026817899615,-80.26831898199592,6925.913316324394,827929.4114950731,-4827512.617946036,4082460.2988799023,20501.583441781724,5500,4987,23,4.0,0.0
40.00026835225736,-80.26718789402065,6900.375574920538,828021.4029829806,-4827476.979081635,4082443.8981976695,20601.591165887974,5500,4987,23,4.0,0.0
40.00026851448146,-80.26605679700474,6874.839295761945,828113.3944708882,-4827441.340217235,4082427.4975154363,20701.598889994406,5500,4987,23,4.0,0.0
40.0002686656682,-80.26492569094894,6849.304478863994,828205.3859587957,-4827405.701352834,4082411.0968332035,20801.606614100656,5500,4987,22,4.0,0.0
40.000268805817306,-80.26379457585404,6823.771124244735,828297.3774467033,-4827370.062488434,4082394.69615097,20901.614338206757,5500,4987,22,4.0,0.0
40.0002689349285,-80.2626634517208,6798.239231922886,828389.3689346107,-4827334.423624033,4082378.2954687374,21001.622062313003,5500,4987,22,4.0,0.0
40.00026905300153,-80.26153231855,6772.708801914585,828481.3604225182,-4827298.784759632,4082361.894786504,21101.62978641933,5500,4987,22,4.0,0.0
40.00026916003613,-80.26040117634243,6747.179834236409,828573.3519104258,-4827263.1458952315,4082345.4941042713,21201.637510525685,5500,4987,22,4.0,0.0
40.000269256032034,-80.25927002509883,6721.652328907423,828665.3433983333,-4827227.507030832,4082329.093422038,21301.64523463168,5500,4987,22,4.0,0.0
40.000269340988986,-80.25813886481997,6696.126285945559,828757.3348862409,-4827191.868166431,4082312.692739805,21401.652958738036,5500,4987,22,4.0,0.0
40.0002694149067,-80.25700769550666,6670.601705366912,828849.3263741484,-4827156.22930203,4082296.292057572,21501.660682844366,5500,4987,22,4.0,0.0
40.000269477784926,-80.25587651715965,6645.078587189715,828941.317862056,-4827120.590437629,4082279.891375339,21601.66840695072,5500,4987,22,4.0,0.0
40.000269529623395,-80.25474532977972,6619.556931432018,829033.3093499634,-4827084.951573229,4082263.490693106,21701.676131056713,5500,4987,22,4.0,0.0
40.00026957042184,-80.25361413336763,6594.0367381104,829125.300837871,-4827049.312708829,4082247.090010873,21801.683855163068,5500,4987,22,4.0,0.0
40.00026960018,-80.25248292792419,6568.518007242723,829217.2923257785,-4827013.673844428,4082230.68932864,21901.691579269394,5500,4987,22,4.0,0.0
40.000269618897605,-80.25135171345013,6543.000738846279,829309.2838136861,-4826978.034980027,4082214.288646407,22001.699303375754,5500,4987,21,0.0,0.0
40.00026962657439,-80.25022048994627,6517.48493293852,829401.2753015936,-4826942.396115627,4082197.8879641737,22101.707027481745,5500,4987,21,0.0,0.0
40.00026962321011,-80.24908925741335,6491.970589537565,829493.2667895011,-4826906.757251226,4082181.487281941,22201.714751587995,5500,4988,21,0.0,0.0
40.000269608804466,-80.24795801585212,6466.457708660519,829585.2582774087,-4826871.118386826,4082165.086599708,22301.72247569435,5500,4988,21,0.0,0.0
40.00026958335722,-80.24682676526342,6440.946290324834,829677.2497653161,-4826835.479522425,4082148.685917475,22401.730199800677,5500,4988,21,0.0,0.0
40.0002695468681,-80.24569550564797,6415.4363345485135,829769.2412532237,-4826799.840658024,4082132.285235242,22501.737923907036,5500,4988,21,0.0,0.0
40.000269499336824,-80.24456423700659,6389.927841348895,829861.2327411312,-4826764.201793624,4082115.8845530087,22601.745648013028,5500,4988,21,0.0,0.0
40.000269440763155,-80.24343295934,6364.420810742485,829953.2242290388,-4826728.562929223,4082099.483870776,22701.753372119383,5500,4988,21,0.0,0.0
40.00026937114683,-80.242301672649,6338.915242746919,830045.2157169463,-4826692.9240648225,4082083.0831885426,22801.761096225713,5500,4988,21,0.0,0.0
40.00026929048753,-80.24117037693438,6313.411137381514,830137.2072048539,-4826657.285200422,4082066.68250631,22901.76882033207,5500,4988,21,0.0,0.0
40.00026919878505,-80.2400390721969,6287.908494662822,830229.1986927614,-4826621.646336022,4082050.2818240765,23001.77654443806,5500,4988,21,0.0,0.0
40.00026909603911,-80.23890775843732,6262.40731460825,830321.190180669,-4826586.007471621,4082033.8811418437,23101.78426854442,5500,4988,21,0.0,0.0
40.000268982249445,-80.23777643565644,6236.907597234006,830413.1816685764,-4826550.36860722,4082017.4804596105,23201.791992650746,5500,4988,20,0.0,0.0
40.00026885741578,-80.23664510385503,6211.409342558922,830505.1731564839,-4826514.729742819,4082001.0797773777,23301.799716756992,5500,4988,20,0.0,0.0
40.00026872153786,-80.23551376303384,6185.912550601945,830597.1646443915,-4826479.09087842,4081984.6790951444,23401.807440863093,5500,4988,20,0.0,0.0
40.00026857461541,-80.23438241319367,6160.417221377675,830689.156132299,-4826443.452014019,4081968.2784129116,23501.81516496934,5500,4988,20,0.0,0.0
40.00026841664817,-80.23325105433527,6134.923354904527,830781.1476202066,-4826407.813149618,4081951.8777306783,23601.822889075775,5500,4988,20,0.0,0.0
40.00026824763588,-80.23211968645946,6109.430951201565,830873.1391081141,-4826372.174285217,4081935.4770484455,23701.830613182025,5500,4988,20,0.0,0.0
40.000268067578276,-80.23098830956695,6083.940010284284,830965.1305960217,-4826336.535420817,4081919.076366212,23801.838337288125,5500,4988,20,0.0,0.0
40.00026787647509,-80.22985692365856,6058.450532171815,831057.1220839291,-4826300.8965564165,4081902.6756839794,23901.846061394375,5500,4989,20,0.0,0.0
40.00026767432605,-80.22872552873505,6032.962516879769,831149.1135718367,-4826265.257692016,4081886.275001746,24001.85378550081,5500,4989,20,0.0,0.0
40.00026746113092,-80.22759412479722,6007.475964426495,831241.1050597442,-4826229.618827615,4081869.8743195133,24101.86150960706,5500,4989,20,0.0,0.0
40.00026723688939,-80.22646271184581,5981.990874831308,831333.0965476518,-4826193.979963215,4081853.47363728,24201.869233713158,5500,4989,20,0.0,0.0
40.00026700160124,-80.2253312898816,5956.507248108922,831425.0880355593,-4826158.341098814,4081837.0729550472,24301.876957819408,5500,4989,20,0.0,0.0
40.00026675526617,-80.22419985890538,5931.025084277753,831517.0795234668,-4826122.7022344135,4081820.672272814,24401.884681925734,5500,4989,19,0.0,0.0
40.00026649788394,-80.2230684189179,5905.544383356267,831609.0710113744,-4826087.063370013,4081804.271590581,24501.89240603209,5500,4989,19,0.0,0.0
40.000266229454276,-80.22193696991998,5880.065145362167,831701.0624992818,-4826051.424505613,4081787.870908348,24601.900130138085,5500,4989,19,0.0,0.0
40.00026594997691,-80.22080551191235,5854.587370310649,831793.0539871894,-4826015.785641212,4081771.470226115,24701.90785424444,5500,4989,19,0.0,0.0
40.00026565945158,-80.2196740448958,5829.111058221076,831885.0454750969,-4825980.146776811,4081755.069543882,24801.915578350767,5500,4989,19,0.0,0.0
40.00026535787804,-80.2185425688711,5803.636209109357,831977.0369630045,-4825944.50791241,4081738.668861649,24901.923302457122,5500,4989,19,0.0,0.0
40.000265045256,-80.21741108383904,5778.162822996119,832069.028450912,-4825908.869048011,4081722.268179416,25001.93102656304,5500,4989,19,0.0,0.0
40.000264721585204,-80.21627958980038,5752.69089989619,832161.0199388196,-4825873.23018361,4081705.867497183,25101.938750669473,5500,4989,19,0.0,0.0
40.000264386865375,-80.21514808675592,5727.220439827159,832253.011426727,-4825837.591319209,4081689.46681495,25201.946474775723,5500,4989,19,0.0,0.0
40.000264041096294,-80.21401657470639,5701.751442806709,832345.0029146345,-4825801.952454808,4081673.066132717,25301.95419888205,5500,4989,19,0.0,0.0
40.000263684277634,-80.2128850536526,5676.283908853325,832436.9944025421,-4825766.313590408,4081656.665450484,25401.961922988074,5500,4989,19,0.0,0.0
40.00026331640919,-80.21175352359532,5650.817837983862,832528.9858904496,-4825730.6747260075,4081640.2647682508,25501.9696470944,5500,4989,19,0.0,0.0
40.00026293749067,-80.21062198453532,5625.353230214895,832620.9773783572,-4825695.035861607,4081623.864086018,25601.977371200755,5500,4989,18,0.0,0.0
40.00026254752179,-80.20949043647337,5599.890085564591,832712.9688662647,-4825659.396997206,4081607.4634037847,25701.98509530708,5500,4990,18,0.0,0.0
40.000262146502315,-80.20835887941027,5574.4284040532775,832804.9603541723,-4825623.758132806,4081591.062721552,25801.992819413103,5500,4990,18,0.0,0.0
40.00026173443198,-80.20722731334676,5548.968185693042,832896.9518420798,-4825588.119268405,4081574.6620393186,25902.000543519433,5500,4990,18,0.0,0.0
40.0002613113105,-80.20609573828364,5523.509430504629,832988.9433299873,-4825552.480404004,4081558.261357086,26002.008267625788,5500,4990,18,0.0,0.0
40.000260877137634,-80.20496415422167,5498.052138505074,833080.9348178948,-4825516.841539604,4081541.8606748525,26102.015991732114,5500,4990,18,0.0,0.0
40.0002604319131,-80.20383256116165,5472.596309713396,833172.9263058024,-4825481.202675204,4081525.4599926197,26202.02371583814,5500,4990,18,0.0,0.0
40.000259975636645,-80.20270095910432,5447.141944142693,833264.9177937099,-4825445.563810803,4081509.0593103864,26302.031439944465,5500,4990,18,0.0,0.0
40.000259508308005,-80.20156934805048,5421.689041814125,833356.9092816174,-4825409.924946402,4081492.6586281536,26402.039164050715,5500,4990,18,0.0,0.0
40.000259029926916,-80.20043772800089,5396.237602745211,833448.900769525,-4825374.286082001,4081476.2579459203,26502.046888157147,5500,4990,18,0.0,0.0
40.000258540493085,-80.19930609895636,5370.787626952344,833540.8922574325,-4825338.647217602,4081459.8572636875,26602.054612263066,5500,4990,18,0.0,0.0
40.0002580400063,-80.19817446091763,5345.339114452906,833632.88374534,-4825303.008353201,4081443.4565814543,26702.062336369498,5500,4990,18,0.0,0.0
40.00025752846627,-80.19704281388549,5319.892065263957,833724.8752332475,-4825267.3694888,4081427.0558992215,26802.070060475748,5500,4990,17,0.0,0.0
40.00025700587273,-80.1959111578607,5294.446479403962,833816.8667211551,-4825231.730624399,4081410.655216988,26902.07778458218,5500,4990,17,0.0,0.0
40.00025647222541,-80.19477949284406,5269.002356891339,833908.8582090626,-4825196.091759999,4081394.2545347554,27002.0855086881,5500,4990,17,0.0,0.0
40.00025592752406,-80.19364781883633,5243.559697740501,834000.8496969702,-4825160.4528955985,4081377.853852522,27102.09323279453,5500,4990,17,0.0,0.0
40.00025537176841,-80.19251613583829,5218.118501971178,834092.8411848777,-4825124.814031198,4081361.4531702893,27202.100956900777,5500,4990,17,0.0,0.0
40.00025480495819,-80.19138444385071,5192.678769600706,834184.8326727853,-4825089.175166797,4081345.052488056,27302.108681007212,5500,4990,17,0.0,0.0
40.00025422709316,-80.19025274287438,5167.240500646008,834276.8241606927,-4825053.536302397,4081328.651805823,27402.116405113127,5500,4990,17,0.0,0.0
40.00025363817303,-80.18912103291007,5141.803695124188,834368.8156486002,-4825017.897437996,4081312.25112359,27502.124129219454,5500,4991,17,0.0,0.0
40.00025303819755,-80.18798931395854,5116.368353054081,834460.8071365078,-4824982.258573595,4081295.850441357,27602.13185332581,5500,4991,17,0.0,0.0
40.000252427166444,-80.18685758602058,5090.934474452009,834552.7986244153,-4824946.619709195,4081279.4497591243,27702.139577432063,5500,4991,17,0.0,0.0
40.00025180507945,-80.18572584909698,5065.502059336623,834644.7901123229,-4824910.980844795,4081263.049076891,27802.147301538163,5500,4991,17,0.0,0.0
40.00025117193632,-80.1845941031885,5040.071107723298,834736.7816002304,-4824875.341980394,4081246.648394658,27902.15502564441,5500,4991,17,0.0,0.0
40.00025052773678,-80.18346234829592,5014.641619631101,834828.773088138,-4824839.703115993,4081230.247712425,28002.162749750845,5500,4991,16,0.0,0.0
40.000249872480566,-80.18233058442,4989.2135950781485,834920.7645760454,-4824804.064251592,4081213.847030192,28102.17047385709,5500,4991,16,0.0,0.0
40.00024920616741,-80.18119881156154,4963.787034080052,835012.756063953,-4824768.4253871925,4081197.446347959,28202.178197963196,5500,4991,16,0.0,0.0
40.000248528797066,-80.1800670297213,4938.361936655642,835104.7475518605,-4824732.786522792,4081181.045665726,28302.185922069446,5500,4991,16,0.0,0.0
40.000247840369255,-80.17893523890008,4912.938302820945,835196.739039768,-4824697.147658391,4081164.644983493,28402.193646175772,5500,4991,16,0.0,0.0
40.00024714088371,-80.17780343909861,4887.516132594977,835288.7305276756,-4824661.50879399,4081148.24430126,28502.201370282128,5500,4991,16,0.0,0.0
40.000246430340184,-80.17667163031773,4862.095425995188,835380.7220155831,-4824625.86992959,4081131.8436190267,28602.20909438812,5500,4991,16,0.0,0.0
40.000245708738404,-80.17553981255816,4836.676183036545,835472.7135034907,-4824590.2310651895,4081115.442936794,28702.21681849448,5500,4991,16,0.0,0.0
40.0002449760781,-80.17440798582071,4811.258403739653,835564.7049913981,-4824554.592200789,4081099.0422545606,28802.224542600805,5500,4991,16,0.0,0.0
40.00024423235901,-80.17327615010613,4785.842088120972,835656.6964793057,-4824518.953336388,4081082.641572328,28902.23226670716,5500,4991,16,0.0,0.0
40.00024347758089,-80.17214430541523,4760.427236198071,835748.6879672132,-4824483.314471988,4081066.2408900945,29002.239990813152,5500,4991,16,0.0,0.0
40.00024271174344,-80.17101245174875,4735.01384798764,835840.6794551208,-4824447.675607587,4081049.8402078617,29102.24771491951,5500,4991,16,0.0,0.0
40.000241934846436,-80.1698805891075,4709.6019235066005,835932.6709430283,-4824412.036743186,4081033.4395256285,29202.255439025834,5500,4992,15,0.0,0.0
40.0002411468896,-80.16874871749224,4684.19146277473,836024.6624309359,-4824376.397878786,4081017.0388433957,29302.263163132193,5500,4992,15,0.0,0.0
40.000240347872655,-80.16761683690373,4658.782465808191,836116.6539188434,-4824340.759014386,4081000.6381611624,29402.270887238188,5500,4992,15,0.0,0.0
40.00023953779535,-80.16648494734278,4633.374932623652,836208.645406751,-4824305.120149985,4080984.2374789296,29502.27861134454,5500,4992,15,0.0,0.0
40.00023871665744,-80.16535304881015,4607.968863239001,836300.6368946584,-4824269.481285584,4080967.8367966963,29602.286335450866,5500,4992,15,0.0,0.0
40.000237884458635,-80.16422114130663,4582.564257673117,836392.6283825659,-4824233.842421183,4080951.4361144635,29702.29405955712,5500,4992,15,0.0,0.0
40.00023704119865,-80.16308922483297,4557.161115940023,836484.6198704735,-4824198.203556783,4080935.03543223,29802.301783663548,5500,4992,15,0.0,0.0
40.00023618687729,-80.16195729938997,4531.759438062278,836576.611358381,-4824162.564692383,4080918.6347499974,29902.309507769467,5500,4992,15,0.0,0.0
40.00023532149421,-80.16082536497841,4506.359224052892,836668.6028462886,-4824126.925827982,4080902.234067764,30002.317231875903,5500,4992,15,0.0,0.0
40.000234445049216,-80.15969342159903,4480.960473931757,836760.5943341961,-4824091.286963581,4080885.8333855313,30102.32495598215,5500,4992,15,0.0,0.0
40.00023355754203,-80.15856146925265,4455.5631877144815,836852.5858221037,-4824055.64809918,4080869.432703298,30202.332680088584,5500,4992,15,0.0,0.0
40.000232658972344,-80.15742950794004,4430.167365420867,836944.5773100111,-4824020.00923478,4080853.0320210652,30302.3404041945,5500,4992,15,0.0,0.0
40.000231749339946,-80.15629753766194,4404.773007066568,837036.5687979187,-4823984.37037038,4080836.6313388324,30402.34812830086,5500,4992,14,0.0,0.0
40.00023082864457,-80.15516555841918,4379.380112669104,837128.5602858262,-4823948.731505979,4080820.230656599,30502.35585240718,5500,4992,14,0.0,0.0
40.00022989688591,-80.1540335702125,4353.988682246781,837220.5517737337,-4823913.092641578,4080803.8299743664,30602.363576513435,5500,4992,14,0.0,0.0
40.000228954063736,-80.15290157304271,4328.5987158170465,837312.5432616413,-4823877.453777178,4080787.429292133,30702.371300619532,5500,4992,14,0.0,0.0
40.000228000177785,-80.15176956691054,4303.210213396711,837404.5347495488,-4823841.814912777,4080771.0286099003,30802.379024725782,5500,4992,14,0.0,0.0
40.00022703522779,-80.15063755181681,4277.823175002694,837496.5262374564,-4823806.176048377,4080754.627927667,30902.386748832218,5500,4992,14,0.0,0.0
40.000226059213496,-80.14950552776227,4252.437600653346,837588.5177253638,-4823770.537183976,4080738.227245434,31002.394472938464,5500,4993,14,0.0,0.0
40.00022507213462,-80.14837349474772,4227.05349036667,837680.5092132714,-4823734.898319576,4080721.826563201,31102.402197044565,5500,4993,14,0.0,0.0
40.00022407399091,-80.14724145277393,4201.670844158991,837772.5007011789,-4823699.259455175,4080705.425880968,31202.409921150815,5500,4993,14,0.0,0.0
40.00022306478209,-80.14610940184166,4176.2896620475285,837864.4921890865,-4823663.620590774,4080689.025198735,31302.41764525725,5500,4993,14,0.0,0.0
40.00022204450793,-80.1449773419517,4150.909944050931,837956.483676994,-4823627.981726374,4080672.624516502,31402.4253693635,5500,4993,14,0.0,0.0
40.00022101316814,-80.14384527310484,4125.531690186305,838048.4751649016,-4823592.342861974,4080656.2238342687,31502.433093469597,5500,4993,14,0.0,0.0
40.000219970762465,-80.14271319530184,4100.1549004706885,838140.4666528091,-4823556.703997573,4080639.823152036,31602.44081757585,5500,4993,13,0.0,0.0
40.00021891729064,-80.14158110854349,4074.7795749211864,838232.4581407165,-4823521.065133172,4080623.4224698027,31702.448541682174,5500,4993,13,0.0,0.0
40.0002178527524,-80.14044901283056,4049.405713556033,838324.4496286241,-4823485.426268771,4080607.02178757,31802.45626578853,5500,4993,13,0.0,0.0
40.00021677714748,-80.13931690816382,4024.0333163931627,838416.4411165316,-4823449.787404371,4080590.6211053366,31902.463989894524,5500,4993,13,0.0,0.0
40.00021569047563,-80.13818479454407,3998.662383448486,838508.4326044392,-4823414.148539971,4080574.220423104,32002.471714000883,5500,4993,13,0.0,0.0
40.000214592736576,-80.13705267197207,3973.2929147392224,838600.4240923467,-4823378.50967557,4080557.8197408705,32102.479438107206,5500,4993,13,0.0,0.0
40.00021348393007,-80.13592054044861,3947.924910285333,838692.4155802543,-4823342.870811169,4080541.4190586377,32202.48716221356,5500,4993,13,0.0,0.0
40.00021236405583,-80.13478839997445,3922.5583701023133,838784.4070681618,-4823307.231946769,4080525.0183764044,32302.494886319557,5500,4993,13,0.0,0.0
40.00021123311361,-80.13365625055039,3897.193294207683,838876.3985560694,-4823271.593082368,4080508.6176941716,32402.502610425912,5500,4993,13,0.0,0.0
40.00021009110313,-80.13252409217719,3871.829682618364,838968.3900439768,-4823235.954217968,4080492.2170119383,32502.51033453224,5500,4993,13,0.0,0.0
40.000208938024144,-80.13139192485563,3846.467535354018,839060.3815318844,-4823200.315353567,4080475.8163297055,32602.518058638598,5500,4993,13,0.0,0.0
40.000207773876376,-80.13025974858651,3821.1068524297248,839152.3730197919,-4823164.676489167,4080459.4156474723,32702.52578274459,5500,4993,13,0.0,0.0
40.00020659865956,-80.12912756337057,3795.7476338648466,839244.3645076994,-4823129.037624766,4080443.0149652394,32802.53350685084,5500,4994,12,0.0,0.0
40.00020541237346,-80.1279953692086,3770.389879674165,839336.355995607,-4823093.398760365,4080426.614283006,32902.54123095727,5500,4994,12,0.0,0.0
40.0002042150178,-80.12686316610142,3745.033589877755,839428.3474835145,-4823057.7598959645,4080410.2136007734,33002.548955063525,5500,4994,12,0.0,0.0
40.000203006592294,-80.12573095404976,3719.6787644930223,839520.338971422,-4823022.121031565,4080393.81291854,33102.55667916962,5500,4994,12,0.0,0.0
40.00020178709671,-80.12459873305441,3694.3254035348627,839612.3304593295,-4822986.482167164,4080377.4122363073,33202.56440327587,5500,4994,12,0.0,0.0
40.00020055653077,-80.12346650311616,3668.9735070222246,839704.3219472371,-4822950.843302763,4080361.0115540745,33302.57212738223,5500,4994,12,0.0,0.0
40.000199314894225,-80.12233426423577,3643.6230749731567,839796.3134351446,-4822915.204438362,4080344.610871841,33402.579851488554,5500,4994,12,0.0,0.0
40.000198062186804,-80.12120201641405,3618.2741074048354,839888.3049230522,-4822879.565573962,4080328.2101896084,33502.58757559458,5500,4994,12,0.0,0.0
40.00019679840823,-80.12006975965174,3592.926604333929,839980.2964109597,-4822843.926709562,4080311.809507375,33602.59529970091,5500,4994,12,0.0,0.0
40.00019552355826,-80.11893749394963,3567.5805657790393,840072.2878988672,-4822808.287845161,4080295.4088251423,33702.603023807154,5500,4994,12,0.0,0.0
40.00019423763665,-80.11780521930852,3542.235991755293,840164.2793867748,-4822772.64898076,4080279.008142909,33802.61074791359,5500,4994,12,0.0,0.0
40.000192940643075,-80.11667293572916,3516.892882284032,840256.2708746822,-4822737.01011636,4080262.607460676,33902.6184720195,5500,4994,12,0.0,0.0
40.00019163257734,-80.11554064321236,3491.5512373782417,840348.2623625898,-4822701.371251959,4080246.206778443,34002.62619612594,5500,4994,11,0.0,0.0
40.00019031343915,-80.11440834175886,3466.211057058182,840440.2538504973,-4822665.732387559,4080229.80609621,34102.63392023218,5500,4994,11,0.0,0.0
40.00018898322824,-80.11327603136947,3440.872341340176,840532.2453384049,-4822630.093523158,4080213.405413977,34202.64164433862,5500,4994,11,0.0,0.0
40.00018764194436,-80.11214371204494,3415.535090243126,840624.2368263124,-4822594.454658758,4080197.004731744,34302.64936844454,5500,4994,11,0.0,0.0
40.00018628958723,-80.11101138378608,3390.199303781674,840716.22831422,-4822558.815794357,4080180.604049511,34402.657092550966,5500,4994,11,0.0,0.0
40.00018492615662,-80.10987904659365,3364.864981975551,840808.2198021275,-4822523.176929956,4080164.203367278,34502.66481665722,5500,4995,11,0.0,0.0
40.00018355165224,-80.10874670046844,3339.5321248418627,840900.211290035,-4822487.5380655555,4080147.8026850447,34602.672540763655,5500,4995,11,0.0,0.0
40.000182166073834,-80.1076143454112,3314.200732397347,840992.2027779425,-4822451.899201156,4080131.402002812,34702.68026486957,5500,4995,11,0.0,0.0
40.00018076942114,-80.10648198142277,3288.8708046594097,841084.19426585,-4822416.260336755,4080115.0013205786,34802.68798897589,5500,4995,11,0.0,0.0
40.00017936169391,-80.10534960850387,3263.5423416459153,841176.1857537576,-4822380.621472354,4080098.600638346,34902.69571308225,5500,4995,11,0.0,0.0
40.000177942891874,-80.1042172266553,3238.2153433742697,841268.1772416651,-4822344.982607953,4080082.1999561125,35002.703437188575,5500,4995,11,0.0,0.0
40.00017651301473,-80.10308483587784,3212.8898098640893,841360.1687295727,-4822309.343743553,4080065.7992738797,35102.7111612946,5500,4995,11,0.0,0.0
40.000175072062284,-80.10195243617227,3187.5657411272764,841452.1602174802,-4822273.704879153,4080049.3985916465,35202.71888540093,5500,4995,10,0.0,0.0
40.00017362003423,-80.10082002753934,3162.2431371858165,841544.1517053877,-4822238.066014752,4080032.9979094137,35302.726609507285,5500,4995,10,0.0,0.0
40.000172156930326,-80.09968760997988,3136.9219980546764,841636.1431932952,-4822202.427150351,4080016.5972271804,35402.73433361361,5500,4995,10,0.0,0.0
40.00017068275028,-80.09855518349465,3111.6023237534023,841728.1346812028,-4822166.788285951,4080000.1965449476,35502.74205771963,5500,4995,10,0.0,0.0
40.000169197493875,-80.09742274808441,3086.2841142988455,841820.1261691103,-4822131.14942155,4079983.7958627143,35602.74978182596,5500,4995,10,0.0,0.0
40.00016770116082,-80.09629030374997,3060.9673697073995,841912.1176570179,-4822095.51055715,4079967.3951804815,35702.75750593231,5500,4995,10,0.0,0.0
40.00016619375084,-80.09515785049207,3035.652089996884,842004.1091449254,-4822059.871692749,4079950.994498248,35802.76523003864,5500,4995,10,0.0,0.0
40.000164675263726,-80.09402538831152,3010.3382751853483,842096.1006328329,-4822024.232828349,4079934.5938160154,35902.77295414456,5500,4995,10,0.0,0.0
40.00016314569916,-80.0928929172091,2985.0259252890014,842188.0921207404,-4821988.593963948,4079918.1931337826,36002.780678250914,5500,4995,10,0.0,0.0
40.000161605056896,-80.09176043718557,2959.7150403266755,842280.0836086479,-4821952.955099547,4079901.7924515493,36102.78840235724,5500,4995,10,0.0,0.0
40.00016005333669,-80.09062794824172,2934.405620313681,842372.0750965555,-4821917.3162351465,4079885.3917693165,36202.7961264636,5500,4995,10,0.0,0.0
40.00015849053827,-80.08949545037834,2909.097665270876,842464.066584463,-4821881.677370747,4079868.9910870832,36302.803850569595,5500,4996,10,0.0,0.0
40.00015691666137,-80.0883629435962,2883.7911752128575,842556.0580723706,-4821846.038506346,4079852.5904048504,36402.81157467595,5500,4996,9,0.0,0.0
40.00015533170573,-80.08723042789606,2858.4861501558344,842648.0495602781,-4821810.399641945,4079836.189722617,36502.81929878228,5500,4996,9,0.0,0.0
40.00015373567108,-80.08609790327873,2833.1825901213774,842740.0410481857,-4821774.760777544,4079819.7890403843,36602.82702288863,5500,4996,9,0.0,0.0
40.00015212855717,-80.08496536974498,2807.8804951237853,842832.0325360931,-4821739.121913144,4079803.388358151,36702.834746994624,5500,4996,9,0.0,0.0
40.00015051036375,-80.08383282729558,2782.5798651818895,842924.0240240006,-4821703.483048744,4079786.9876759183,36802.84247110088,5500,4996,9,0.0,0.0
40.00014888109053,-80.08270027593133,2757.2807003123135,843016.0155119082,-4821667.844184343,4079770.586993685,36902.85019520731,5500,4996,9,0.0,0.0
40.00014724073727,-80.081567715653,2731.9830005315644,843108.0069998157,-4821632.205319942,4079754.186311452,37002.85791931356,5500,4996,9,0.0,0.0
40.0001455893037,-80.08043514646134,2706.686765858475,843199.9984877233,-4821596.566455541,4079737.785629219,37102.86564341999,5500,4996,9,0.0,0.0
40.00014392678955,-80.07930256835718,2681.3919963118083,843291.9899756308,-4821560.927591141,4079721.384946986,37202.873367525906,5500,4996,9,0.0,0.0
40.00014225319456,-80.07816998134126,2656.09869190676,843383.9814635384,-4821525.2887267405,4079704.984264753,37302.88109163234,5500,4996,9,0.0,0.0
40.000140568518496,-80.0770373854144,2630.806852660736,843475.9729514458,-4821489.64986234,4079688.58358252,37402.88881573859,5500,4996,9,0.0,0.0
40.00013887276106,-80.07590478057733,2605.5164785917846,843567.9644393534,-4821454.010997939,4079672.1829002867,37502.896539845024,5500,4996,9,0.0,0.0
40.00013716592203,-80.07477216683088,2580.2275697167142,843659.9559272609,-4821418.372133539,4079655.782218054,37602.90426395094,5500,4996,8,0.0,0.0
40.00013544800109,-80.07363954417579,2554.9401260538725,843751.9474151685,-4821382.733269138,4079639.3815358207,37702.91198805737,5500,4996,8,0.0,0.0
40.00013371899803,-80.07250691261287,2529.6541476204816,843843.938903076,-4821347.094404737,4079622.980853588,37802.919712163624,5500,4996,8,0.0,0.0
40.00013197891256,-80.07137427214289,2504.36963443215,843935.9303909836,-4821311.455540337,4079606.5801713546,37902.92743627006,5500,4996,8,0.0,0.0
40.00013022774442,-80.0702416227666,2479.086586509922,844027.9218788911,-4821275.816675937,4079590.179489122,38002.93516037597,5500,4996,8,0.0,0.0
40.00012846549337,-80.06910896448483,2453.80500386791,844119.9133667985,-4821240.177811536,4079573.7788068885,38102.9428844823,5500,4997,8,0.0,0.0
40.00012669215913,-80.06797629729833,2428.5248865248304,844211.9048547061,-4821204.538947135,4079557.3781246557,38202.95060858865,5500,4997,8,0.0,0.0
40.00012490774144,-80.0668436212079,2403.2462344967093,844303.8963426136,-4821168.900082734,4079540.9774424224,38302.95833269498,5500,4997,8,0.0,0.0
40.00012311224004,-80.0657109362143,2377.969047804818,844395.8878305212,-4821133.261218335,4079524.5767601896,38402.96605680101,5500,4997,8,0.0,0.0
40.000121305654666,-80.0645782423183,2352.6933264606,844487.8793184287,-4821097.622353934,4079508.1760779563,38502.97378090733,5500,4997,8,0.0,0.0
40.00011948798507,-80.06344553952073,2327.419070487468,844579.8708063363,-4821061.983489533,4079491.7753957235,38602.98150501369,5500,4997,8,0.0,0.0
40.00011765923097,-80.06231282782232,2302.146279897764,844671.8622942438,-4821026.344625132,4079475.3747134907,38702.989229119936,5500,4997,8,0.0,0.0
40.000115819392114,-80.06118010722388,2276.8749547128755,844763.8537821514,-4820990.705760732,4079458.9740312574,38802.996953226044,5500,4997,7,0.0,0.0
40.00011396846825,-80.06004737772619,2251.6050949473984,844855.8452700588,-4820955.0668963315,4079442.5733490246,38903.00467733229,5500,4997,7,0.0,0.0
40.000112106459106,-80.05891463933,2226.336700620166,844947.8367579663,-4820919.428031931,4079426.1726667914,39003.01240143862,5500,4997,7,0.0,0.0
40.000110233364445,-80.05778189203612,2201.0697717472026,845039.8282458739,-4820883.78916753,4079409.7719845586,39103.02012554497,5500,4997,7,0.0,0.0
40.00010834918395,-80.05664913584532,2175.8043083488365,845131.8197337814,-4820848.15030313,4079393.3713023253,39203.02784965096,5500,4997,7,0.0,0.0
40.00010645391741,-80.0555163707584,2150.5403104385823,845223.811221689,-4820812.511438729,4079376.9706200925,39303.03557375732,5500,4997,7,0.0,0.0
40.000104547564554,-80.0543835967761,2125.2777780368842,845315.8027095965,-4820776.872574328,4079360.569937859,39403.043297863645,5500,4997,7,0.0,0.0
40.000102630125106,-80.05325081389923,2100.016711159536,845407.7941975041,-4820741.233709928,4079344.1692556264,39503.05102197,5500,4997,7,0.0,0.0
40.00010070159882,-80.05211802212858,2074.7571098250023,845499.7856854115,-4820705.594845528,4079327.768573393,39603.058746076,5500,4997,7,0.0,0.0
40.000098761985406,-80.0509852214649,2049.4989740495603,845591.7771733191,-4820669.955981127,4079311.3678911603,39703.066470182355,5500,4997,7,0.0,0.0
40.00009681128465,-80.04985241190899,2024.2423038497627,845683.7686612266,-4820634.317116726,4079294.967208927,39803.07419428868,5500,4998,7,0.0,0.0
40.000094849496286,-80.04871959346164,1998.987099246882,845775.7601491342,-4820598.678252325,4079278.566526694,39903.08191839504,5500,4998,7,0.0,0.0
40.00009287662001,-80.0475867661236,1973.7333602532603,845867.7516370417,-4820563.0393879255,4079262.165844461,40003.08964250103,5500,4998,6,1.0,0.0
40.00009089265558,-80.04645392989569,1948.4810868906532,845959.7431249492,-4820527.400523525,4079245.765162228,40103.097366607275,5500,4998,6,1.0,0.0
40.00008889760274,-80.04532108477866,1923.2302791729894,846051.7346128568,-4820491.761659124,4079229.364479995,40203.10509071371,5500,4998,6,1.0,0.0
40.00008689146125,-80.0441882307733,1897.9809371195154,846143.7261007642,-4820456.122794723,4079212.963797762,40303.112814819964,5500,4998,6,1.0,0.0
40.0000848742308,-80.04305536788041,1872.7330607474075,846235.7175886718,-4820420.483930323,4079196.563115529,40403.12053892606,5500,4998,6,1.0,0.0
40.00008284591117,-80.04192249610074,1847.486650074346,846327.7090765793,-4820384.8450659225,4079180.162433296,40503.12826303231,5500,4998,6,1.0,0.0
40.000080806502105,-80.04078961543509,1822.2417051160105,846419.7005644869,-4820349.206201522,4079163.7617510627,40603.13598713875,5500,4998,6,1.0,0.0
40.000078756003305,-80.03965672588424,1796.9982258916473,846511.6920523944,-4820313.567337121,4079147.36106883,40703.14371124499,5500,4998,6,1.0,0.0
40.00007669441452,-80.03852382744897,1771.7562124188917,846603.683540302,-4820277.928472721,4079130.9603865966,40803.151435351094,5500,4998,6,1.0,0.0
40.00007462173551,-80.03739092013005,1746.51566471264,846695.6750282095,-4820242.28960832,4079114.559704364,40903.15915945735,5500,4998,6,1.0,0.0
40.00007253796601,-80.03625800392827,1721.2765827927376,846787.666516117,-4820206.650743919,4079098.1590221305,41003.16688356378,5500,4998,6,1.0,0.0
40.00007044310574,-80.03512507884442,1696.0389666765204,846879.6580040245,-4820171.011879519,4079081.7583398977,41103.17460767003,5500,4998,6,1.0,0.0
40.00006833715445,-80.03399214487926,1670.8028163787696,846971.649491932,-4820135.373015119,4079065.3576576645,41203.18233177602,5500,4998,5,1.0,0.0
40.000066220111904,-80.0328592020336,1645.5681319199748,847063.6409798396,-4820099.734150718,4079048.9569754316,41303.190055882376,5500,4998,5,1.0,0.0
40.0000640919778,-80.03172625030822,1620.3349133154006,847155.6324677471,-4820064.095286317,4079032.5562931984,41403.1977799887,5500,4998,5,1.0,0.0
40.000061952751906,-80.03059328970387,1595.103160582498,847247.6239556547,-4820028.456421916,4079016.1556109656,41503.20550409506,5500,4998,5,1.0,0.0
40.00005980243394,-80.02946032022136,1569.8728737414117,847339.6154435622,-4819992.8175575165,4078999.7549287328,41603.21322820098,5500,4999,5,1.0,0.0
40.00005764102364,-80.02832734186146,1544.644052805611,847431.6069314698,-4819957.178693116,4078983.3542464995,41703.22095230741,5500,4999,5,1.0,0.0
40.000055468520785,-80.02719435462495,1519.416697795101,847523.5984193772,-4819921.539828715,4078966.9535642667,41803.22867641366,5500,4999,5,1.0,0.0
40.00005328492509,-80.0260613585126,1494.1908087250322,847615.5899072848,-4819885.900964314,4078950.5528820334,41903.236400520094,5500,4999,5,1.0,0.0
40.000051090236255,-80.02492835352524,1468.9663856157788,847707.5813951923,-4819850.262099914,4078934.1521998006,42003.244124626006,5500,4999,5,1.0,0.0
40.00004888445408,-80.0237953396636,1443.7434284825363,847799.5728830998,-4819814.623235513,4078917.7515175673,42103.25184873233,5500,4999,5,1.0,0.0
40.00004666757828,-80.02266231692849,1418.521937342526,847891.5643710074,-4819778.984371113,4078901.3508353345,42203.25957283869,5500,4999,5,1.0,0.0
40.00004443960859,-80.02152928532068,1393.3019122134976,847983.5558589149,-4819743.345506712,4078884.9501531012,42303.267296945014,5500,4999,5,1.0,0.0
40.000042200544755,-80.02039624484094,1368.0833531145834,848075.5473468225,-4819707.706642312,4078868.5494708684,42403.27502105104,5500,4999,4,1.0,0.0
40.00003995038651,-80.01926319549008,1342.866260060265,848167.5388347299,-4819672.067777911,4078852.148788635,42503.28274515737,5500,4999,4,1.0,0.0
40.000037689133606,-80.01813013726887,1317.6506330697193,848259.5303226375,-4819636.42891351,4078835.7481064023,42603.290469263724,5500,4999,4,1.0,0.0
40.000035416785764,-80.01699707017809,1292.4364721598233,848351.521810545,-4819600.79004911,4078819.347424169,42703.29819337005,5500,4999,4,1.0,0.0
40.00003313334275,-80.01586399421852,1267.223777348856,848443.5132984526,-4819565.15118471,4078802.9467419363,42803.30591747607,5500,4999,4,1.0,0.0
40.00003083880428,-80.01473090939095,1242.012548651783,848535.5047863601,-4819529.512320309,4078786.546059703,42903.3136415824,5500,4999,4,1.0,0.0
40.000028533170095,-80.01359781569614,1216.8027860889786,848627.4962742677,-4819493.873455908,4078770.14537747,43003.32136568876,5500,4999,4,1.0,0.0
40.000026216439956,-80.0124647131349,1191.5944896746255,848719.4877621752,-4819458.234591507,4078753.744695237,43103.32908979509,5500,4999,4,1.0,0.0
40.00002388861359,-80.01133160170801,1166.387659428684,848811.4792500827,-4819422.5957271075,4078737.344013004,43203.33681390111,5500,4999,4,1.0,0.0
40.000021549690715,-80.01019848141624,1141.1822953687888,848903.4707379902,-4819386.956862707,4078720.943330771,43303.34453800743,5500,4999,4,1.0,0.0
40.00001919967111,-80.00906535226038,1115.9783975090086,848995.4622258977,-4819351.317998306,4078704.542648538,43403.35226211368,5500,5000,4,1.0,0.0
40.00001683855448,-80.00793221424121,1090.7759658693028,849087.4537138053,-4819315.679133905,4078688.1419663047,43503.359986220115,5500,5000,4,1.0,0.0
40.00001446634058,-80.00679906735951,1065.5750004677209,849179.4452017128,-4819280.040269505,4078671.741284072,43603.367710326034,5500,5000,3,0.0,0.0
40.000012083029155,-80.00566591161605,1040.375501319643,849271.4366896204,-4819244.401405104,4078655.3406018387,43703.37543443246,5500,5000,3,0.0,0.0
40.00000968861995,-80.00453274701164,1015.1774684432332,849363.4281775279,-4819208.762540704,4078638.939919606,43803.383158538716,5500,5000,3,0.0,0.0
40.00000728311268,-80.00339957354704,989.9809018558971,849455.4196654354,-4819173.123676303,4078622.5392373726,43903.390882645144,5500,5000,3,0.0,0.0
40.000004866507105,-80.00226639122305,964.7858015745563,849547.4111533429,-4819137.484811903,4078606.13855514,44003.39860675106,5500,5000,3,0.0,0.0
40.000002438802966,-80.00113320004044,939.5921676171455,849639.4026412505,-4819101.845947502,4078589.7378729065,44103.4063308575,5500,5000,3,0.0,0.0
39.99999999999999,-80.0,914.400000000172,849731.394129158,-4819066.207083101,4078573.3371906737,44203.414054963745,5500,5000,3,0.0,0.0
